{
  "containers": [
    "postgres-benchmark",
    "neo4j-benchmark"
  ],
  "timestamps": [
    1.0209057331085205,
    3.0328760147094727,
    5.047903299331665,
    7.0531086921691895,
    9.05922532081604,
    11.06425929069519
  ],
  "ram_data": {
    "postgres-benchmark": [
      34.83,
      43.53,
      40.79,
      39.86,
      39.62,
      39.62
    ],
    "neo4j-benchmark": [
      5059.584,
      5059.584,
      5059.584,
      5061.632,
      5061.632,
      5061.632
    ]
  },
  "events": {
    "PG_start": 3.0003490447998047,
    "PG_end": 3.676807165145874,
    "Neo4j_start": 6.676963567733765,
    "Neo4j_end": 6.700998306274414
  }
}